relativePath,category,archiveExists,currentExists,byteIdentical,archiveSha256,currentSha256,decision,action,evidence
.gitignore,repo-config,true,true,false,1e2fecc75cdd3c0f4161356c1490ee431dff94bbc779e3a34cc9359ce8ef0a49,18953b290cfb19844d546d8f3261726a987b8e2bee0881a20bda4400a4978ecf,CURRENT_ACCEPTED,"Keep the current platform ignore policy. The current file adds local-only exclusions for consolidated attachments, merge archives, generated QA dumps, release/evidence dumps, and local Android evidence without removing source tracking requirements.","git diff --no-index --stat .merged-from-salary-hijacking-main/conflicts/.gitignore .gitignore,corepack pnpm run clean:junk,git diff --check"
.prettierignore,repo-config,true,true,false,82ed2f6e2e1b712a96b98759a2f614806b704a003356236994c76be4ef95e0cc,8a9d74e15ebbd96d90d6d587e6be016b61055453c69eadb8ab660a5b830dbb83,CURRENT_ACCEPTED,Keep the current platform formatting ignore policy. It preserves the archive as a historical non-runtime comparison input while source files remain formatted through targeted checks.,"git diff --no-index --stat .merged-from-salary-hijacking-main/conflicts/.prettierignore .prettierignore,corepack pnpm exec prettier --write targeted files,git diff --check"
100_PERCENT_READINESS.md,docs-evidence,true,false,false,719e26f8dd43a332f018313284ba4862c8edd47134d4608be3c24124d4138dea,,EXCLUDE_RUNTIME,Exclude from runtime porting; archive is historical evidence or binary output.,
COMPLETION_REPORT.md,docs-evidence,true,false,false,c1c9bb209ee0c534a403e55c787df7c7169871fecd0cf9f029d8b35a5e797461,,EXCLUDE_RUNTIME,Exclude from runtime porting; archive is historical evidence or binary output.,
package.json,repo-config,true,true,false,9a6f949218436c25cbd8c10b990dfcdd1defdb33590097761280b3aab23b33e0,544f085dd5a5d7a1f09d16e3e37e3a2d1b68b0211c0e013aac067b08c8b75249,CURRENT_ACCEPTED,Keep the current root package manifest. It is a verified superset for the current release workflow and adds the mobile preview phone proof script required by the physical-device QA gate.,"node --test scripts/release/check-release-readiness.test.mjs,corepack pnpm run check:package-manager-scripts,corepack pnpm run clean:junk"
pnpm-lock.yaml,repo-config,true,true,false,a5ee230304007752052b8f530358a14950a0f6964ee31a36c2d8b815a2eaa993,ce63fc4484c77e77dcf59ba1b476f33001185622376314b2dc67ab3bab0a5a1b,CURRENT_ACCEPTED,Keep the current lockfile because it matches the current package manifests and has passed frozen install and security audit evidence in this consolidated platform workspace.,"corepack pnpm install --frozen-lockfile,corepack pnpm audit --audit-level=high --prod=false --json,release/security-audit-evidence.json"
services/api/tests/growth-db-repository.test.ts,backend-source,true,true,false,dd2745e45da18c7c304e0f859dc22a9a95d61c70316c7fe9eaa53d7de2bf1302,42761469724bc44df4608e7656b6cb4e793061ec31bd53fadcd0683ea535b41e,CURRENT_ACCEPTED,"Keep the current Growth DB repository test. It asserts the SQL selects `saved_progress.newly_completed` and allows the replay fixture to rely on `idempotent_replay`, matching the hardened repository behavior.","git diff --no-index --stat .merged-from-salary-hijacking-main/conflicts/services/api/tests/growth-db-repository.test.ts services/api/tests/growth-db-repository.test.ts,corepack pnpm --filter @salary-hijacking/api test -- growth-db-repository.test.ts,corepack pnpm --filter @salary-hijacking/api exec vitest run tests/growth-db-repository.test.ts"
services/api/src/repositories/growth.repository.ts,backend-source,true,true,false,4913bd20957423e24fd5b16a7ffd39b9844f1af213f947253964df5f3d483565,84f514c9be449f4fd706c046a66bf2544b3caccab34b7183a19c5d1eb93b3d79,CURRENT_ACCEPTED,"Keep the current Growth repository. It supersedes the archive copy by selecting `saved_progress.newly_completed` and treating either explicit idempotent replay or `newly_completed === false` as zero-XP replay, preventing duplicate LV UP content rewards when replay metadata is partial.","git diff --no-index --stat .merged-from-salary-hijacking-main/conflicts/services/api/src/repositories/growth.repository.ts services/api/src/repositories/growth.repository.ts,corepack pnpm --filter @salary-hijacking/api test -- growth-db-repository.test.ts,corepack pnpm --filter @salary-hijacking/api exec vitest run tests/growth-db-repository.test.ts"
scripts/release/capture-mobile-clean-fintech-screenshots.mjs,release-script,true,true,false,6a877d1fe35c87ab0f15e24ff2c458d59eba006deefecb0e4783591fa8c305b5,092b6640dddf15906efbf8e4fb43f3d34c4f718e71293c0a6f8549fe6f00e682,CURRENT_ACCEPTED,Keep the current screenshot capture script. It is a verified superset of the archive version and adds 320-430px responsive overflow checks plus deterministic 17-screen mobile UI evidence capture.,"git diff --no-index --stat .merged-from-salary-hijacking-main/conflicts/scripts/release/capture-mobile-clean-fintech-screenshots.mjs scripts/release/capture-mobile-clean-fintech-screenshots.mjs,node --test scripts/release/capture-mobile-clean-fintech-screenshots.test.mjs,node scripts/release/capture-mobile-clean-fintech-screenshots.mjs"
scripts/release/check-release-readiness.mjs,release-script,true,true,false,24b21ff22f7b5c8c61f6d2c78aafc35c8b15aedc171df6d4450093019cb98b13,fbbc412fbbdf6ef2dff0d66b7a0302146ac389eeb7f5230df9ce186657c97556,CURRENT_ACCEPTED,"Keep the current release readiness gate. It supersedes the archive version with current-head preview APK evidence, physical phone proof checks, strict-mode blockers, CleanFintech fallback detection, mock-only production path detection, and mobile runtime TODO/FIXME blocking.","git diff --no-index --stat .merged-from-salary-hijacking-main/conflicts/scripts/release/check-release-readiness.mjs scripts/release/check-release-readiness.mjs,node --test scripts/release/check-release-readiness.test.mjs,node scripts/release/check-release-readiness.mjs --soft"
scripts/release/check-release-readiness.test.mjs,release-script,true,true,false,760f16a81877dd6d979062d8288e8357e679eb6b2be8451b1a555a0b66bae333,f18e3efd69b071e0ab4daeb035d6fa3e6b9007a7faf55b10afcb3b83cd0705d1,CURRENT_ACCEPTED,"Keep the current release readiness tests. They cover the current strict gates for physical phone QA, latest-source preview APK evidence, mock-only paths, CleanFintech fallback dependencies, runtime TODO/FIXME markers, and unresolved P0/P1/P2 gap register entries.","git diff --no-index --stat .merged-from-salary-hijacking-main/conflicts/scripts/release/check-release-readiness.test.mjs scripts/release/check-release-readiness.test.mjs,node --test scripts/release/check-release-readiness.test.mjs,node --test scripts/release/capture-mobile-clean-fintech-screenshots.test.mjs scripts/release/check-release-readiness.test.mjs"
release/security-audit-evidence.json,other release evidence,true,true,false,ffb93f2e6ab6c3c62e25c38999b1309bb75df47f7416d0fbb2a65e3b6a5c7973,8d1cf174f1844df82ffc3fc9dc7a7b33c7b7743ea1933394149bf51098178cb0,SUPERSEDED_BY_CURRENT_EVIDENCE,Do not port runtime code; keep current tracked evidence as authoritative.,
release/screenshots/01_home_salary.png,generated-or-binary-evidence,true,true,false,21eb8b0971dd47cd4c91cfaa91f2fc79096ce7cc1abbeb47dcede7eee72fee29,56962132f37da3b305717cf59072ecc0cdf9d12d07ac10e4611213d3225fded6,SUPERSEDED_BY_CURRENT_EVIDENCE,Do not port runtime code; keep current tracked evidence as authoritative.,
release/screenshots/02_daily_budget.png,generated-or-binary-evidence,true,true,false,418bfdef76ec844259b23bfdf2be46ae33ccc8057b553267d1ea0790cafc4d5c,56962132f37da3b305717cf59072ecc0cdf9d12d07ac10e4611213d3225fded6,SUPERSEDED_BY_CURRENT_EVIDENCE,Do not port runtime code; keep current tracked evidence as authoritative.,
release/screenshots/03_plan_setting.png,generated-or-binary-evidence,true,true,false,0569e5a1a5cb8071d9a81d5dabab396cb995e54d1b29fb010f749e5254913950,fe3f85f946cf569b9b438809c4e3d35bf962da1ad5a21b1fca7d0f3460d6c093,SUPERSEDED_BY_CURRENT_EVIDENCE,Do not port runtime code; keep current tracked evidence as authoritative.,
release/screenshots/04_notifications.png,generated-or-binary-evidence,true,true,false,218d57695de2e7ae83d85c4b4568b9ccc99e021e3c0722f596e21649808cae87,f610c841f727dcd42d171008bc7bbaeff7cb4c7fba367b5f1a0eea956827a795,SUPERSEDED_BY_CURRENT_EVIDENCE,Do not port runtime code; keep current tracked evidence as authoritative.,
release/screenshots/05_level_up.png,generated-or-binary-evidence,true,true,false,e2a6d9a5d48e443ef084f6a70ed50f457d1ab89e38227325e4a689a60d290706,6570f12416e1b1290949cfed0f3ff5991810768f8f645dfb7a819926a2d2b4af,SUPERSEDED_BY_CURRENT_EVIDENCE,Do not port runtime code; keep current tracked evidence as authoritative.,
release/evidence/build-artifacts.json,other release evidence,true,false,false,41296d901454bdc35a17a1983067f8863806aa53fb33fa8bc1c825e0ef12f4e6,,EXCLUDE_RUNTIME,Exclude from runtime porting; archive is historical evidence or binary output.,
release/evidence/checksums.txt,other release evidence,true,false,false,fe15d1edc9657fb987b18f961973d31aea3961b97d770f04fd5a314d2618fe73,,EXCLUDE_RUNTIME,Exclude from runtime porting; archive is historical evidence or binary output.,
release/evidence/commands.json,other release evidence,true,false,false,33a0a1bb537b741173346a76b2a3f73304b6d5e3060960d6d65fe0310c8ad115,,EXCLUDE_RUNTIME,Exclude from runtime porting; archive is historical evidence or binary output.,
release/evidence/external-blockers.json,other release evidence,true,false,false,4440533aafbe8c05c7387d9f0222492daeb9944e77068b4af993f7ca58fbe878,,EXCLUDE_RUNTIME,Exclude from runtime porting; archive is historical evidence or binary output.,
release/evidence/final-validation-report.md,other release evidence,true,false,false,649ea38b780dcbc41126d54feda776a56eb5617265ff75ffa4549f50d3af41ef,,EXCLUDE_RUNTIME,Exclude from runtime porting; archive is historical evidence or binary output.,
release/evidence/mobile-native-build-failure.md,other release evidence,true,false,false,63c4653cfae55b2ca5c890c5d3c9f3b8ddfaee43a97ff94574ffcb1826f27d6a,,EXCLUDE_RUNTIME,Exclude from runtime porting; archive is historical evidence or binary output.,
release/evidence/mobile-ui/01_splash.png,other release evidence,true,false,false,311f00e2117e12ffb1219327e9df81469aa126ae9c1f31128d95ea3d1dfcee62,,EXCLUDE_RUNTIME,Exclude from runtime porting; archive is historical evidence or binary output.,
release/evidence/mobile-ui/02_login.png,other release evidence,true,false,false,040a80cb830e029754e32c9991bc9f6149d25d9b780721dac5b38632641fb7c0,,EXCLUDE_RUNTIME,Exclude from runtime porting; archive is historical evidence or binary output.,
release/evidence/mobile-ui/03_signup.png,other release evidence,true,false,false,112c75d45b76054bfd20ee417ac33b878d097a9e979e23350cd7293d483f68e4,,EXCLUDE_RUNTIME,Exclude from runtime porting; archive is historical evidence or binary output.,
release/evidence/mobile-ui/05_salary_home.png,other release evidence,true,false,false,21eb8b0971dd47cd4c91cfaa91f2fc79096ce7cc1abbeb47dcede7eee72fee29,,EXCLUDE_RUNTIME,Exclude from runtime porting; archive is historical evidence or binary output.,
release/evidence/mobile-ui/06_daily_budget.png,other release evidence,true,false,false,418bfdef76ec844259b23bfdf2be46ae33ccc8057b553267d1ea0790cafc4d5c,,EXCLUDE_RUNTIME,Exclude from runtime porting; archive is historical evidence or binary output.,
release/evidence/mobile-ui/07_plan_setting.png,other release evidence,true,false,false,0569e5a1a5cb8071d9a81d5dabab396cb995e54d1b29fb010f749e5254913950,,EXCLUDE_RUNTIME,Exclude from runtime porting; archive is historical evidence or binary output.,
release/evidence/mobile-ui/08_notifications.png,other release evidence,true,false,false,218d57695de2e7ae83d85c4b4568b9ccc99e021e3c0722f596e21649808cae87,,EXCLUDE_RUNTIME,Exclude from runtime porting; archive is historical evidence or binary output.,
release/evidence/mobile-ui/09_level_hub.png,other release evidence,true,false,false,e2a6d9a5d48e443ef084f6a70ed50f457d1ab89e38227325e4a689a60d290706,,EXCLUDE_RUNTIME,Exclude from runtime porting; archive is historical evidence or binary output.,
release/evidence/mobile-ui/10_level_reading.png,other release evidence,true,false,false,75cfd41977adf0df0a83824485474b40dd1447a697c0f07c2255c2be7ac3cf31,,EXCLUDE_RUNTIME,Exclude from runtime porting; archive is historical evidence or binary output.,
release/evidence/mobile-ui/11_level_news.png,other release evidence,true,false,false,762c819ada3a1b6d17bc3a657110d2ba184e6f160ad9ef23333f8f92ea945766,,EXCLUDE_RUNTIME,Exclude from runtime porting; archive is historical evidence or binary output.,
release/evidence/mobile-ui/12_level_english.png,other release evidence,true,false,false,08a22877baba44390d87b13e7dce93723aa9f1b93e7f39d2ca877551b555db3a,,EXCLUDE_RUNTIME,Exclude from runtime porting; archive is historical evidence or binary output.,
release/evidence/mobile-ui/13_level_health.png,other release evidence,true,false,false,639f982912d9f29863e86b5fcb8d903b49f5ec9ee42dedce80f770547e89b15e,,EXCLUDE_RUNTIME,Exclude from runtime porting; archive is historical evidence or binary output.,
release/evidence/mobile-ui/14_community.png,other release evidence,true,false,false,158396cab54c1a9acac9fc7803d458b477803bd069dc27cf8e372c2f54673493,,EXCLUDE_RUNTIME,Exclude from runtime porting; archive is historical evidence or binary output.,
release/evidence/mobile-ui/15_community_write.png,other release evidence,true,false,false,021cbdfa63b0caa7b6a129adc4cf744b4253b87b7b3d73f0ddc242b1bc21ce6c,,EXCLUDE_RUNTIME,Exclude from runtime porting; archive is historical evidence or binary output.,
release/evidence/mobile-ui/16_profile.png,other release evidence,true,false,false,b2baa7a288f668c9f2646e7c9827264275eff954f6048670b42f993dc282b279,,EXCLUDE_RUNTIME,Exclude from runtime porting; archive is historical evidence or binary output.,
release/evidence/mobile-ui/17_profile_level.png,other release evidence,true,false,false,e3171749b68877f54cf5135d4ecb7d722bb287d2a36a5e8c994a08985f6d5fab,,EXCLUDE_RUNTIME,Exclude from runtime porting; archive is historical evidence or binary output.,
release/evidence/mobile-ui/capture-summary.json,other release evidence,true,false,false,f9caed63a403ce56df70423c2025f70f5271a622991a2109879c32b324ba6ab0,,EXCLUDE_RUNTIME,Exclude from runtime porting; archive is historical evidence or binary output.,
release/evidence/mobile-ui/design-implementation-checklist.md,other release evidence,true,false,false,b7e7976575218c1d385b3f93021bf5df386cc1e1e8cf28b743a248492cd2a190,,EXCLUDE_RUNTIME,Exclude from runtime porting; archive is historical evidence or binary output.,
docs/final-documents/LEVEL_UP_CONTENT_OPERATIONS_POLICY.md,docs-evidence,true,true,false,ba04382e4af5f7c9f562183a674656cf21977286bb90409343c85a7ab7e4c3c1,94ad93aeb0b614cae20e520490275d29af30e1fdcbee0f3abc7ea87fa4c5901f,SUPERSEDED_BY_CURRENT_EVIDENCE,Do not port runtime code; keep current tracked evidence as authoritative.,
docs/codex/08_FILE_COMPLETION_LOG.md,docs-evidence,true,true,false,c9a037367287041b69dd91ba1dcd9ffe3011013ea4473c950a295acd9117d31b,f4de8c1b11d5ce48834c0f4a34dd133a14bcef08b06aac472a8cbd64e07c3a17,SUPERSEDED_BY_CURRENT_EVIDENCE,Do not port runtime code; keep current tracked evidence as authoritative.,
docs/codex/15_UI_UX_REFERENCE.md,docs-evidence,true,true,false,54c28d9e63b5d4890022b34304b9cd9c597f8f3dff0e9e8c092c7b47aed1664d,21f9f5d248616e978853a80f353be76b8360325421bb0e9854cf22dbae05b190,SUPERSEDED_BY_CURRENT_EVIDENCE,Do not port runtime code; keep current tracked evidence as authoritative.,
apps/mobile/app.config.ts,mobile-source,true,true,false,9d23bc9335399f0bd6c31ef8e99043342e49106d31a9d9ba9b048544a4a6fb93,49bd19abaeb6fcb3ff3eb2814e54965ea3c0011b1a1b33bc1970a3c5e1da6480,CURRENT_ACCEPTED,Keep the current Expo app config. It supersedes the archive copy by using a white splash/adaptive-icon background that matches the provided Salary Hijacking launch design and by removing the stale `host: app` custom-scheme deep link so Expo Router paths open directly instead of under an obsolete `/app` prefix.,"git diff --no-index --stat .merged-from-salary-hijacking-main/conflicts/apps/mobile/app.config.ts apps/mobile/app.config.ts,corepack pnpm --filter @salary-hijacking/mobile run test -- src/config/__tests__/mobile-e2e-contract.test.ts --runInBand,node --test scripts/release/classify-merge-conflict-archive.test.mjs scripts/release/check-release-readiness.test.mjs"
apps/mobile/package.json,repo-config,true,true,false,000b7fa42ad1ac37e0003f766d236eb36a24fe033763c1ce7fe13f3788374efe,b443094dcde3cccc0fc480715b2a38efaa440639e3b9757621d96532d8508a6a,CURRENT_ACCEPTED,Keep the current mobile package manifest. It preserves the Android phone debug build script and mobile QA scripts used by the latest preview APK and physical phone proof workflow.,"corepack pnpm --filter @salary-hijacking/mobile run typecheck,corepack pnpm --filter @salary-hijacking/mobile test -- focused Salary/Plan/Preview suites,node --test apps/mobile/scripts/expo-local-android-debug-build.test.mjs"
apps/mobile/src/shared/styles/clean-fintech-screens.tsx,mobile-source,true,true,false,e6345d35d1b6b895e8d3f0de5fe6fe0a5c48341b7b1c7cbd140d2be0d93af57c,685fd40367f20acd501aa4c9e7e5aefd3fafe07929d263eee79ecb88d8c60dcd,CURRENT_ACCEPTED,Keep the current Clean Fintech screen implementation. It supersedes the archive copy by using the shared static image asset registry for the platform logo and by replacing archive English LV UP private-record prompts with Korean UX copy and accessibility labels.,"git diff --no-index --stat .merged-from-salary-hijacking-main/conflicts/apps/mobile/src/shared/styles/clean-fintech-screens.tsx apps/mobile/src/shared/styles/clean-fintech-screens.tsx,corepack pnpm --filter @salary-hijacking/mobile run test -- src/shared/styles/__tests__/clean-fintech-theme.test.ts --runInBand,node --test scripts/release/classify-merge-conflict-archive.test.mjs scripts/release/check-release-readiness.test.mjs"
apps/mobile/src/shared/styles/__tests__/clean-fintech-theme.test.ts,mobile-source,true,true,false,cdbbd019c4f0981f508bc49961c7db6941039b1d42a590368d3d186b09c28b43,f4b276aa7d0d144e811dc7a7957d6fe4942fc9ed5026e38fbd8f7ce015958837,CURRENT_ACCEPTED,Keep the current Clean Fintech design contract test. It follows the new `src/shared/assets/images/brand` registry path and asserts the Korean private LV UP record copy instead of the older English placeholder text.,"git diff --no-index --stat .merged-from-salary-hijacking-main/conflicts/apps/mobile/src/shared/styles/__tests__/clean-fintech-theme.test.ts apps/mobile/src/shared/styles/__tests__/clean-fintech-theme.test.ts,corepack pnpm --filter @salary-hijacking/mobile run test -- src/shared/styles/__tests__/clean-fintech-theme.test.ts --runInBand,node --test scripts/release/classify-merge-conflict-archive.test.mjs scripts/release/check-release-readiness.test.mjs"
apps/mobile/src/shared/components/AppHeader.tsx,mobile-source,true,true,false,3e2768b0e12ace286ec41d64513f0ae88ea2ec5eebcac448285d082ac27c9f02,99a876631862285e8c28416b1053047f586ad44fd7ffdbf8f77dcfdb96d3ab70,CURRENT_ACCEPTED,"Keep the current shared AppHeader implementation. It supersedes the archive copy by rendering the official Salary Hijacking BI through the static image asset registry, preserving the `SALARY HIJACKING` brand label, and keeping a compact accessible header contract for the PDF-derived mobile screens.","git diff --no-index --stat .merged-from-salary-hijacking-main/conflicts/apps/mobile/src/shared/components/AppHeader.tsx apps/mobile/src/shared/components/AppHeader.tsx,corepack pnpm --filter @salary-hijacking/mobile run test -- src/shared/components/__tests__/shared-components.contract.test.tsx --runInBand,node --test scripts/release/classify-merge-conflict-archive.test.mjs scripts/release/check-release-readiness.test.mjs"
apps/mobile/src/shared/components/AppShell.tsx,mobile-source,true,true,false,0b0eff77aaa6bb3040b8bf1c46119a64cb61c55bac99596f91bbe0f030b51477,f50875c48db75a71b0fc451185391d74d7a70ca331d90111f97e4867890ad73f,CURRENT_ACCEPTED,"Keep the current shared AppShell implementation. It supersedes the archive copy with KeyboardAvoidingView, safe-area inset padding, handled keyboard taps, automatic content inset adjustment, and bottom padding that prevents shared screens and bottom tabs from colliding with Android/iOS system navigation.","git diff --no-index --stat .merged-from-salary-hijacking-main/conflicts/apps/mobile/src/shared/components/AppShell.tsx apps/mobile/src/shared/components/AppShell.tsx,corepack pnpm --filter @salary-hijacking/mobile run test -- src/shared/components/__tests__/shared-components.contract.test.tsx --runInBand,node --test scripts/release/classify-merge-conflict-archive.test.mjs scripts/release/check-release-readiness.test.mjs"
apps/mobile/src/shared/api/__tests__/app-screen-contract.test.ts,mobile-source,true,true,false,20356ce5ae6b53c3e00983adddf2999e666f4c7ea942a59152daa685c4d747dc,0d71b2a15df582f093cf932d43f8c79b317606739bd8747619f475b89abc94b4,CURRENT_ACCEPTED,"Keep the current app screen contract test after adding an explicit Korean bottom-tab copy regression guard. It now protects route names, splash unsticking, capture routes, safe error fallback, auth gates, and readable Korean tab labels.","git diff --no-index --stat .merged-from-salary-hijacking-main/conflicts/apps/mobile/src/shared/api/__tests__/app-screen-contract.test.ts apps/mobile/src/shared/api/__tests__/app-screen-contract.test.ts,corepack pnpm --filter @salary-hijacking/mobile run test -- src/shared/api/__tests__/app-screen-contract.test.ts --runInBand,corepack pnpm --filter @salary-hijacking/mobile run export:web"
apps/mobile/src/features/uploads/api.ts,mobile-source,true,true,false,3dc9e66f8f4eaa558393401701c0ec7410e6356a15b82249c5e133f19156837d,2ba0d1947da340647aa7d9e03b478dd1de4ca3f0f872daf66d59c3df796ddf79,CURRENT_ACCEPTED,"Keep the current mobile Uploads API after porting the archive-only sensitive filename terms `연봉` and `휴대폰` into the current broader privacy guard, preserving current `은행`, `이메일`, safe Korean error copy, HTTPS-only base URL validation, no raw path headers, unknown-field rejection, and server-echo sanitization.","git diff --no-index --stat .merged-from-salary-hijacking-main/conflicts/apps/mobile/src/features/uploads/api.ts apps/mobile/src/features/uploads/api.ts,corepack pnpm --filter @salary-hijacking/mobile run test -- src/features/uploads/__tests__/uploads.api.test.ts --runInBand,node --test scripts/release/classify-merge-conflict-archive.test.mjs scripts/release/check-release-readiness.test.mjs"
apps/mobile/src/features/uploads/__tests__/uploads.api.test.ts,mobile-source,true,true,false,da81ffc2d232dfcb73d623869e533cbd83f01158f427ffffb12541bdcb82f23a,61835830042a397af10d8529ebb020271390935082fc8c8eafa2ac7239b952cf,CURRENT_ACCEPTED,"Keep the current mobile Uploads API regression test after extending its sensitive Korean filename coverage with `연봉`, `은행`, `휴대폰`, and `이메일`, ensuring the archive-only privacy terms remain protected without losing the current additional terms.","git diff --no-index --stat .merged-from-salary-hijacking-main/conflicts/apps/mobile/src/features/uploads/__tests__/uploads.api.test.ts apps/mobile/src/features/uploads/__tests__/uploads.api.test.ts,corepack pnpm --filter @salary-hijacking/mobile run test -- src/features/uploads/__tests__/uploads.api.test.ts --runInBand,node --test scripts/release/classify-merge-conflict-archive.test.mjs scripts/release/check-release-readiness.test.mjs"
apps/mobile/src/features/salary/__tests__/salary.components.test.tsx,mobile-source,true,true,false,65f751844452ff672831c38caf1b864dd35d3d554189ea2be3bdf407d02b1100,877b6fd56e94a192eb29e0dc4a438c7c23f391dd45e76ab6f0be65f0924007b9,CURRENT_ACCEPTED,"Keep the current Salary Home component regression test. It supersedes the archive copy with KST salary-cycle checks, requested planned/completed reminder labels, overdue warning behavior, daily budget settings CRUD, variable expense persistence, server-authoritative variable-expense mutations, fixed-plan completion hiding, and fixed-savings recording coverage.","git diff --no-index --stat .merged-from-salary-hijacking-main/conflicts/apps/mobile/src/features/salary/__tests__/salary.components.test.tsx apps/mobile/src/features/salary/__tests__/salary.components.test.tsx,corepack pnpm --filter @salary-hijacking/mobile run test -- src/features/salary/__tests__/salary.components.test.tsx --runInBand,node --test scripts/release/classify-merge-conflict-archive.test.mjs scripts/release/check-release-readiness.test.mjs"
apps/mobile/src/features/salary/__tests__/salary.screen-wiring.test.ts,mobile-source,true,true,false,fd4a821ce3768914afcea8336d38dc09efabf5c19d63d8fba9384d7280c87d50,ce5b6c053f57ff737e835c113ad24716281aa368f8502f829b17c11ae0b2083d,CURRENT_ACCEPTED,Keep the current Salary screen wiring test. It guards the route against falling back to the older Clean Fintech shell and requires the server-authority component marker used by the current Salary Home reference implementation.,"git diff --no-index --stat .merged-from-salary-hijacking-main/conflicts/apps/mobile/src/features/salary/__tests__/salary.screen-wiring.test.ts apps/mobile/src/features/salary/__tests__/salary.screen-wiring.test.ts,corepack pnpm --filter @salary-hijacking/mobile run test -- src/features/salary/__tests__/salary.screen-wiring.test.ts --runInBand,node --test scripts/release/classify-merge-conflict-archive.test.mjs scripts/release/check-release-readiness.test.mjs"
apps/mobile/src/features/salary/components/DailyBudgetSection.tsx,mobile-source,true,true,false,2c11ed1e1221f05df3ca67c323ce8c7adcb79e4badbcd210c0ee1bcaf0b326db,4f1c294926d4b9f440d5730fe3fe7a38f666df87df2bd02eaec293111d235784,CURRENT_ACCEPTED,"Keep the current DailyBudgetSection. It supersedes the archive copy by allowing the PDF-derived daily-budget title, displaying configured and remaining amounts side by side, labeling overspend as a danger state, and preserving KRW integer progress/accessibility through shared components.","git diff --no-index --stat .merged-from-salary-hijacking-main/conflicts/apps/mobile/src/features/salary/components/DailyBudgetSection.tsx apps/mobile/src/features/salary/components/DailyBudgetSection.tsx,corepack pnpm --filter @salary-hijacking/mobile run test -- src/features/salary/__tests__/salary.components.test.tsx --runInBand,node --test scripts/release/classify-merge-conflict-archive.test.mjs scripts/release/check-release-readiness.test.mjs"
apps/mobile/src/features/salary/components/FixedExpenseSection.tsx,mobile-source,true,true,false,67bdeb1edb2a88cd0e866ded2d0b46be7e04249f688d0812ae3cb407b49b51aa,23f5005ae5047cd963d10fbda8a30c4f1218a67ab8997ba0f47c79eef97315fa,CURRENT_ACCEPTED,"Keep the current FixedExpenseSection. It preserves the current privacy guard copy that shows payment status only, while the richer fixed-payment completion behavior is covered by the current Salary Home reference screen and tests.","git diff --no-index --stat .merged-from-salary-hijacking-main/conflicts/apps/mobile/src/features/salary/components/FixedExpenseSection.tsx apps/mobile/src/features/salary/components/FixedExpenseSection.tsx,corepack pnpm --filter @salary-hijacking/mobile run test -- src/features/salary/__tests__/salary.components.test.tsx --runInBand,node --test scripts/release/classify-merge-conflict-archive.test.mjs scripts/release/check-release-readiness.test.mjs"
apps/mobile/src/features/salary/components/index.ts,mobile-source,true,true,false,2470989564d0a29a5907a724eec7aac764760d490d152c6952dc85bd5eba230c,9f3585a51c0314a467d164ff178ddf391a908cced05918483d64759665e10411,CURRENT_ACCEPTED,"Keep the current Salary component barrel. It exports the current DailyBudgetSection, FixedExpenseSection, and SalaryHeroCard APIs used by the route and current screen regression tests.","git diff --no-index --stat .merged-from-salary-hijacking-main/conflicts/apps/mobile/src/features/salary/components/index.ts apps/mobile/src/features/salary/components/index.ts,corepack pnpm --filter @salary-hijacking/mobile run test -- src/features/salary/__tests__/salary.screen-wiring.test.ts --runInBand,node --test scripts/release/classify-merge-conflict-archive.test.mjs scripts/release/check-release-readiness.test.mjs"
apps/mobile/src/features/salary/components/SalaryHeroCard.tsx,mobile-source,true,true,false,0fec81122bf0076120758fd3db2867d7a842ea3bd4ffdb4075b0480f4c93d056,b180b33cc09d3a0fd5e71685448b547ee2c1e91a070954d7b68c43f126e08c04,CURRENT_ACCEPTED,"Keep the current SalaryHeroCard. It supersedes the archive copy by matching the green PDF hero treatment, showing the cumulative protected amount with the money icon asset, and retaining an accessible server-calculation label instead of the older generic SurfaceCard summary.","git diff --no-index --stat .merged-from-salary-hijacking-main/conflicts/apps/mobile/src/features/salary/components/SalaryHeroCard.tsx apps/mobile/src/features/salary/components/SalaryHeroCard.tsx,corepack pnpm --filter @salary-hijacking/mobile run test -- src/features/salary/__tests__/salary.components.test.tsx --runInBand,node --test scripts/release/classify-merge-conflict-archive.test.mjs scripts/release/check-release-readiness.test.mjs"
apps/mobile/src/features/profile/__tests__/profile-detail-routes.screen-wiring.test.ts,mobile-source,true,true,false,40106c43108853257d4b448904a0e9c4a66de2aa250e52eee31282c1f5c64f75,a52219520ca893a7331cb9dbed3014b7d169783f74c3d27a3e298b99acffee47,CURRENT_ACCEPTED,"Keep the current profile detail route wiring test. It supersedes the archive copy by requiring the AppShell/AppHeader/SurfaceCard profile detail boundary, Korean user-facing server-record copy, and the no-financial-raw-data advertising guard instead of older English marker strings.","git diff --no-index --stat .merged-from-salary-hijacking-main/conflicts/apps/mobile/src/features/profile/__tests__/profile-detail-routes.screen-wiring.test.ts apps/mobile/src/features/profile/__tests__/profile-detail-routes.screen-wiring.test.ts,corepack pnpm --filter @salary-hijacking/mobile run test -- src/features/profile/__tests__/profile-detail-routes.screen-wiring.test.ts --runInBand,corepack pnpm --filter @salary-hijacking/mobile run typecheck"
apps/mobile/src/features/profile/__tests__/profile.components.test.tsx,mobile-source,true,true,false,ddf228ed5d9d29fbbec1da9b0a277c8cd54edcdbf56393c0d3a5ac715f682e2f,e34be747c8fcc2ec3304fd9c03d43ad18f91eed8915eeb33fe67600325bb64ff,CURRENT_ACCEPTED,"Keep the current profile component test. It supersedes the archive copy by asserting the PDF-derived Korean MY page labels, 18Lv profile summary, masked personal-data copy, accessible menu actions, and the financial raw-data guard visible to Korean users.","git diff --no-index --stat .merged-from-salary-hijacking-main/conflicts/apps/mobile/src/features/profile/__tests__/profile.components.test.tsx apps/mobile/src/features/profile/__tests__/profile.components.test.tsx,corepack pnpm --filter @salary-hijacking/mobile run test -- src/features/profile/__tests__/profile.components.test.tsx --runInBand,corepack pnpm --filter @salary-hijacking/mobile run typecheck"
apps/mobile/src/features/profile/components/ProfileDetailScreen.tsx,mobile-source,true,true,false,c809895a8364966bea682f0f82a506d9430ca046b730adad7be27744d8045b83,77da739e9e2661da2ef677fbda5f5a333db36c431333edf4ab369b940fed8e54,CURRENT_ACCEPTED,"Keep the current ProfileDetailScreen. It supersedes the archive copy with Korean profile, account, community, level, notices, settings, and support copy while preserving the server-authoritative endpoint map and privacy/ads guardrails required for MY detail screens.","git diff --no-index --stat .merged-from-salary-hijacking-main/conflicts/apps/mobile/src/features/profile/components/ProfileDetailScreen.tsx apps/mobile/src/features/profile/components/ProfileDetailScreen.tsx,corepack pnpm --filter @salary-hijacking/mobile run test -- src/features/profile/__tests__/profile-detail-routes.screen-wiring.test.ts --runInBand,corepack pnpm --filter @salary-hijacking/mobile run typecheck"
apps/mobile/src/features/profile/components/ProfileHeader.tsx,mobile-source,true,true,false,0c36218a22dd635f59dbb7caf0b94035c4b7a5c2438c57c7639524a096788f41,cd33b6b62da55e1beff711aeb6680cf0b3dace27b415ca603e1ea1f5605d6149,CURRENT_ACCEPTED,Keep the current ProfileHeader. It supersedes the archive copy by replacing raw boolean debug text with the Korean masked-personal-data assurance while retaining the explicit `rawPersonalDataExposed: false` prop contract.,"git diff --no-index --stat .merged-from-salary-hijacking-main/conflicts/apps/mobile/src/features/profile/components/ProfileHeader.tsx apps/mobile/src/features/profile/components/ProfileHeader.tsx,corepack pnpm --filter @salary-hijacking/mobile run test -- src/features/profile/__tests__/profile.components.test.tsx --runInBand,corepack pnpm --filter @salary-hijacking/mobile run typecheck"
apps/mobile/src/features/profile/components/ProfileMenuCard.tsx,mobile-source,true,true,false,6990c7b9b31e4dd3b8b29226cffca477f54dcc7a68682a52cd0da1c45b4ad5aa,def485205ebc5b60c590b7771b7c5bc6ba8e63ea32ac686db737b2949fcb81aa,CURRENT_ACCEPTED,"Keep the current ProfileMenuCard. It supersedes the archive copy by matching the PDF MY-page row-card menu structure, Korean labels, accessible management buttons, and a visible guard that raw financial data is not shown in MY menus.","git diff --no-index --stat .merged-from-salary-hijacking-main/conflicts/apps/mobile/src/features/profile/components/ProfileMenuCard.tsx apps/mobile/src/features/profile/components/ProfileMenuCard.tsx,corepack pnpm --filter @salary-hijacking/mobile run test -- src/features/profile/__tests__/profile.components.test.tsx --runInBand,corepack pnpm --filter @salary-hijacking/mobile run typecheck"
apps/mobile/src/features/profile/components/ProfileStatGrid.tsx,mobile-source,true,true,false,d2037adb11ae176129e47939018aa5ce2993b4f9dfbbc7e3f6254872dfb69c11,1a242b68d013f3824ec4f6325bfa6e823ef18844a2adca6bbb4957bc66879ec0,CURRENT_ACCEPTED,"Keep the current ProfileStatGrid. It supersedes the archive copy by rendering the Korean MY-page stat labels, `18Lv` style level value, normalized self-care score, and server-based performance copy while preserving shared MoneyText and ProgressBar formatting.","git diff --no-index --stat .merged-from-salary-hijacking-main/conflicts/apps/mobile/src/features/profile/components/ProfileStatGrid.tsx apps/mobile/src/features/profile/components/ProfileStatGrid.tsx,corepack pnpm --filter @salary-hijacking/mobile run test -- src/features/profile/__tests__/profile.components.test.tsx --runInBand,corepack pnpm --filter @salary-hijacking/mobile run typecheck"
apps/mobile/src/features/plan/__tests__/plan.components.test.tsx,mobile-source,true,true,false,27eedfd57f39d522643cf32119e6d10f716f3393685f3740abb2f73e92f863f8,a3084b20ab6280975958b949b328211fb6dd700ba06c6f906d618832cb9f4068,CURRENT_ACCEPTED,"Keep the current Plan component regression test. It supersedes the archive copy by proving editable section settings, fixed expense CRUD, fixed savings CRUD, daily living plan CRUD, server-authoritative payroll saves, rejected-server-save rollback, budget recalculation before preview sync, and KST month-end payday clamping.","git diff --no-index --stat .merged-from-salary-hijacking-main/conflicts/apps/mobile/src/features/plan/__tests__/plan.components.test.tsx apps/mobile/src/features/plan/__tests__/plan.components.test.tsx,corepack pnpm --filter @salary-hijacking/mobile run test -- src/features/plan/__tests__/plan.components.test.tsx --runInBand,corepack pnpm --filter @salary-hijacking/mobile run test -- src/features/plan/__tests__/plan.launch-readiness.test.tsx --runInBand"
apps/mobile/src/features/plan/__tests__/plan.screen-wiring.test.ts,mobile-source,true,true,false,90426c4a7116d8215103df43cb32e3d1a841872761c2683023fb10ed6281fb1e,b9fdd1209837279c257ac3832127cfe837b06fc29a85bed6cc3e4b5307470509,CURRENT_ACCEPTED,"Keep the current Plan screen wiring test. It supersedes the archive copy by requiring the actual PlanReferenceScreen route boundary plus server-authority, responsive plan, and safe-area guards instead of the older fallback card-only component checks.","git diff --no-index --stat .merged-from-salary-hijacking-main/conflicts/apps/mobile/src/features/plan/__tests__/plan.screen-wiring.test.ts apps/mobile/src/features/plan/__tests__/plan.screen-wiring.test.ts,corepack pnpm --filter @salary-hijacking/mobile run test -- src/features/plan/__tests__/plan.screen-wiring.test.ts --runInBand,corepack pnpm --filter @salary-hijacking/mobile run test -- src/features/plan/__tests__/plan.components.test.tsx --runInBand"
apps/mobile/src/features/plan/components/index.ts,mobile-source,true,true,false,7a90501d50bcbe3088bdca1f2572837c245b01e77793ec38b05c565dfbc765b5,27e59e8e5348dd51d6508d214a83b3c54c9d982a0fb20d038e18543ef1f72a07,CURRENT_ACCEPTED,"Keep the current Plan component barrel. It preserves the archive component exports and additionally exports `PlanReferenceScreen`, which is the current PDF-derived, interactive, server-bound plan implementation used by the route and launch-readiness tests.","git diff --no-index --stat .merged-from-salary-hijacking-main/conflicts/apps/mobile/src/features/plan/components/index.ts apps/mobile/src/features/plan/components/index.ts,corepack pnpm --filter @salary-hijacking/mobile run test -- src/features/plan/__tests__/plan.screen-wiring.test.ts --runInBand,corepack pnpm --filter @salary-hijacking/mobile run test -- src/features/plan/__tests__/plan.components.test.tsx --runInBand"
apps/mobile/src/features/plan/components/PlanActionList.tsx,mobile-source,true,true,false,e6ff5323f1698f509e47ca5b36551776a7e6d012944c273f88e03b83933383c0,d1bd9604830cdd757b716daf30770d2ee14eacd1472cd1ab7b2bf41e226fc003,CURRENT_ACCEPTED,Keep the current PlanActionList. It supersedes the archive copy by replacing an internal debug marker with Korean copy that tells users saved edits are recalculated by the server while preserving explicit edit/add action buttons.,"git diff --no-index --stat .merged-from-salary-hijacking-main/conflicts/apps/mobile/src/features/plan/components/PlanActionList.tsx apps/mobile/src/features/plan/components/PlanActionList.tsx,corepack pnpm --filter @salary-hijacking/mobile run test -- src/features/plan/__tests__/plan.components.test.tsx --runInBand,corepack pnpm --filter @salary-hijacking/mobile run test -- src/features/plan/__tests__/plan.screen-wiring.test.ts --runInBand"
apps/mobile/src/features/plan/components/PlanBreakdownSection.tsx,mobile-source,true,true,false,28475286dc3fb15a61081bb9a61e9400d6bef181d481fe1aef8759f48cc9440b,4a54031d41f9a4190b68e367d3f488e525cf6532ef864b198551ff97b0a0c125,CURRENT_ACCEPTED,Keep the current PlanBreakdownSection. It supersedes the archive copy by retaining the same plan breakdown data contract while replacing raw marker text with Korean privacy and no-financial-ad-targeting assurances.,"git diff --no-index --stat .merged-from-salary-hijacking-main/conflicts/apps/mobile/src/features/plan/components/PlanBreakdownSection.tsx apps/mobile/src/features/plan/components/PlanBreakdownSection.tsx,corepack pnpm --filter @salary-hijacking/mobile run test -- src/features/plan/__tests__/plan.components.test.tsx --runInBand,corepack pnpm --filter @salary-hijacking/mobile run test -- src/features/plan/__tests__/plan.launch-readiness.test.tsx --runInBand"
apps/mobile/src/features/plan/components/PlanProgressCard.tsx,mobile-source,true,true,false,09f46ede8ede1083fcbdc1a446b3939ebb5bf54551e96d274582eff9ba7f1e7b,7db9c398c47c064096269ce491f14300bea749902e8cdbfbe8d22bff16e1c59d,CURRENT_ACCEPTED,Keep the current PlanProgressCard. It supersedes the archive copy by preserving KRW integer money/progress display and replacing debug guard strings with Korean server-save and sensitive-money advertising separation copy.,"git diff --no-index --stat .merged-from-salary-hijacking-main/conflicts/apps/mobile/src/features/plan/components/PlanProgressCard.tsx apps/mobile/src/features/plan/components/PlanProgressCard.tsx,corepack pnpm --filter @salary-hijacking/mobile run test -- src/features/plan/__tests__/plan.components.test.tsx --runInBand,corepack pnpm --filter @salary-hijacking/mobile run test -- src/features/plan/__tests__/plan.screen-wiring.test.ts --runInBand"
apps/mobile/src/features/notifications/__tests__/notifications.components.test.tsx,mobile-source,true,true,false,aa347d655b521c5764323eedf21a359b98122c24b1d7c8ecf654ccd740c7834e,01fda71077ae08d3ffea2015d102b84de1e5973ede47660f30f0c7e687ec38bf,CURRENT_ACCEPTED,"Keep the current notification component test. It supersedes the archive copy by asserting Korean privacy copy, rejecting debug marker text, preserving safe deeplink press behavior, and confirming raw push token strings are absent from rendered notification components.","git diff --no-index --stat .merged-from-salary-hijacking-main/conflicts/apps/mobile/src/features/notifications/__tests__/notifications.components.test.tsx apps/mobile/src/features/notifications/__tests__/notifications.components.test.tsx,corepack pnpm --filter @salary-hijacking/mobile run test -- src/features/notifications/__tests__/notifications.components.test.tsx --runInBand,corepack pnpm --filter @salary-hijacking/mobile run test -- src/features/notifications/__tests__/notifications.launch-readiness.test.tsx --runInBand"
apps/mobile/src/features/notifications/__tests__/notifications.screen-wiring.test.ts,mobile-source,true,true,false,3d3eda9405c79e1d014225bb58de2c81c13d2a66e906e9e9685ba5ee8bb9cddc,ae1cc09af2a28a7f81f090ee1e0847bd712609469bbd929c7ead6347f92181c7,CURRENT_ACCEPTED,"Keep the current notification screen wiring test. It supersedes the archive copy by guarding the user-provided independent Korean notification stack, no bottom navigation, deep-link route strings, and sensitive financial data component guard.","git diff --no-index --stat .merged-from-salary-hijacking-main/conflicts/apps/mobile/src/features/notifications/__tests__/notifications.screen-wiring.test.ts apps/mobile/src/features/notifications/__tests__/notifications.screen-wiring.test.ts,corepack pnpm --filter @salary-hijacking/mobile run test -- src/features/notifications/__tests__/notifications.screen-wiring.test.ts --runInBand,corepack pnpm --filter @salary-hijacking/mobile run test -- src/features/notifications/__tests__/notifications.launch-readiness.test.tsx --runInBand"
apps/mobile/src/features/notifications/components/index.ts,mobile-source,true,true,false,2048565085b61a64a8bb2e53a0821803b358aa94e4207ae126a4685a1ce59fe0,04908a686431e78d3a8152377a2a7c9d164965374d21d9f24335dc38fe55c277,CURRENT_ACCEPTED,Keep the current notification component barrel. It preserves the archive component exports and additionally exports `NotificationReferenceScreen` and its typed href contract used by the current independent notification route.,"git diff --no-index --stat .merged-from-salary-hijacking-main/conflicts/apps/mobile/src/features/notifications/components/index.ts apps/mobile/src/features/notifications/components/index.ts,corepack pnpm --filter @salary-hijacking/mobile run test -- src/features/notifications/__tests__/notifications.screen-wiring.test.ts --runInBand,corepack pnpm --filter @salary-hijacking/mobile run test -- src/features/notifications/__tests__/notifications.components.test.tsx --runInBand"
apps/mobile/src/features/notifications/components/NotificationList.tsx,mobile-source,true,true,false,94e4c6f307af7c1c7900b411656fbc8b05dcd3d649444374e88dfbe7a0dde268,ca2ca823dc97c4c1f298ad73a055aa08e1b84a6fc43161d3cb98638718463ac3,CURRENT_ACCEPTED,Keep the current NotificationList. It supersedes the archive copy by preserving unread/deeplink row behavior while replacing debug privacy markers with Korean assurances that sensitive financial amounts are not included in notifications and advertising targeting is separated.,"git diff --no-index --stat .merged-from-salary-hijacking-main/conflicts/apps/mobile/src/features/notifications/components/NotificationList.tsx apps/mobile/src/features/notifications/components/NotificationList.tsx,corepack pnpm --filter @salary-hijacking/mobile run test -- src/features/notifications/__tests__/notifications.components.test.tsx --runInBand,corepack pnpm --filter @salary-hijacking/mobile run test -- src/features/notifications/__tests__/notifications.screen-wiring.test.ts --runInBand"
apps/mobile/src/features/notifications/components/NotificationPreferenceStrip.tsx,mobile-source,true,true,false,d55f40faf01158664c50a35107354c29ecb2add63240fab3aafc61916414ea79,bd6fbae9a6ccf6e40996d237308cfee2354f78b750899e3243a2ae60e0ec238d,CURRENT_ACCEPTED,Keep the current NotificationPreferenceStrip. It supersedes the archive copy with simpler Korean push/marketing state labels and the accessible `모두 읽음` action expected by the current component tests.,"git diff --no-index --stat .merged-from-salary-hijacking-main/conflicts/apps/mobile/src/features/notifications/components/NotificationPreferenceStrip.tsx apps/mobile/src/features/notifications/components/NotificationPreferenceStrip.tsx,corepack pnpm --filter @salary-hijacking/mobile run test -- src/features/notifications/__tests__/notifications.components.test.tsx --runInBand,corepack pnpm --filter @salary-hijacking/mobile run test -- src/features/notifications/__tests__/notifications.launch-readiness.test.tsx --runInBand"
apps/mobile/src/features/notifications/components/NotificationSummaryCard.tsx,mobile-source,true,true,false,0ed76f74a85dbce96a63c0a931b1e4af61de223e57c1b95fb37d20e0a57accbb,db812a3a1ecd7566443327ac075dfe243a67d2e2545beaeffb996a8ac43987f2,CURRENT_ACCEPTED,"Keep the current NotificationSummaryCard. It supersedes the archive copy by matching the compact Korean summary design, preserving unread/important counts, and replacing the raw push-token debug marker with user-facing no-raw-push-token copy.","git diff --no-index --stat .merged-from-salary-hijacking-main/conflicts/apps/mobile/src/features/notifications/components/NotificationSummaryCard.tsx apps/mobile/src/features/notifications/components/NotificationSummaryCard.tsx,corepack pnpm --filter @salary-hijacking/mobile run test -- src/features/notifications/__tests__/notifications.components.test.tsx --runInBand,corepack pnpm --filter @salary-hijacking/mobile run test -- src/features/notifications/__tests__/notifications.screen-wiring.test.ts --runInBand"
apps/mobile/src/features/level/__tests__/growth.api.test.ts,mobile-source,true,true,false,f578b8f81d0ccf2291d6287cde298dc850eec32a528cd7d1c1d5c3a925d88158,fdf55008ca92bb88ef1e4d05caf938523821212e8b51c24c33c1aca4c0a1131d,CURRENT_ACCEPTED,"Keep the current Growth API test. It supersedes the archive copy with coverage for content completion, idempotency keys, raw financial/personal/push-token non-exposure headers, safe Korean fallback errors, invalid identifier rejection, and sensitive note rejection before network access.","git diff --no-index --stat .merged-from-salary-hijacking-main/conflicts/apps/mobile/src/features/level/__tests__/growth.api.test.ts apps/mobile/src/features/level/__tests__/growth.api.test.ts,corepack pnpm --filter @salary-hijacking/mobile run test -- src/features/level/__tests__/growth.api.test.ts --runInBand,corepack pnpm --filter @salary-hijacking/mobile run test -- src/features/level/__tests__/growth.api.test.ts src/features/level/__tests__/level.components.test.tsx src/features/level/__tests__/level.screen-wiring.test.ts src/shared/api/__tests__/level-dashboard-normalization.test.ts --runInBand"
apps/mobile/src/features/level/__tests__/level.components.test.tsx,mobile-source,true,true,false,52fe1fd8aed670692d1464feabce09c3f33c8148b36e16b6a84bbc77b63b437c,ca1eadebddc9e763997f0f7abf5a3865b4e4d30e70b29030b0b10fa87f3f5ae5,CURRENT_ACCEPTED,"Keep the current LV UP component tests. They match the current Korean component labels and XP reward behavior, including current source/action labels and the duplicate-safe reward toast contract.","git diff --no-index --stat .merged-from-salary-hijacking-main/conflicts/apps/mobile/src/features/level/__tests__/level.components.test.tsx apps/mobile/src/features/level/__tests__/level.components.test.tsx,corepack pnpm --filter @salary-hijacking/mobile run test -- src/features/level/__tests__/level.components.test.tsx --runInBand,corepack pnpm --filter @salary-hijacking/mobile run typecheck"
apps/mobile/src/features/level/__tests__/level.screen-wiring.test.ts,mobile-source,true,true,false,4dfd55bc9efec6f034a572289cf561c20776db75bd6c98e4c5f8e14c72f38782,7cdd9d3fafd432ca46aaccec19f423bda68e5062eaae20825f65f18872aacff3,CURRENT_ACCEPTED,"Keep the current LV UP screen wiring test. It prevents the route from falling back to CleanFintech screens and requires the current feature components, dashboard normalization boundary, and XP reward toast wiring.","git diff --no-index --stat .merged-from-salary-hijacking-main/conflicts/apps/mobile/src/features/level/__tests__/level.screen-wiring.test.ts apps/mobile/src/features/level/__tests__/level.screen-wiring.test.ts,corepack pnpm --filter @salary-hijacking/mobile run test -- src/features/level/__tests__/level.screen-wiring.test.ts --runInBand,corepack pnpm --filter @salary-hijacking/mobile run test -- src/features/level/__tests__/growth.api.test.ts src/features/level/__tests__/level.components.test.tsx src/features/level/__tests__/level.screen-wiring.test.ts src/shared/api/__tests__/level-dashboard-normalization.test.ts --runInBand"
apps/mobile/src/features/level/components/LevelHeroCard.tsx,mobile-source,true,true,false,dbf3e9f501c8349eabae69ed0dfc3e090db5fb4a0246f8e94e82b5262f8c1e7b,b843df822b89ddd472bb3c4cc21b3fdd8816c0d4edbf1d6dd9aa390679f319b4,CURRENT_ACCEPTED,"Keep the current LevelHeroCard. It preserves server-based XP summary copy, Korean accessibility labels, total XP formatting, and shared ProgressBar behavior used by the current LV UP reference route.","git diff --no-index --stat .merged-from-salary-hijacking-main/conflicts/apps/mobile/src/features/level/components/LevelHeroCard.tsx apps/mobile/src/features/level/components/LevelHeroCard.tsx,corepack pnpm --filter @salary-hijacking/mobile run test -- src/features/level/__tests__/level.components.test.tsx --runInBand,corepack pnpm --filter @salary-hijacking/mobile run typecheck"
apps/mobile/src/features/level/components/ReadingContentCard.tsx,mobile-source,true,true,false,e14ed76dde93b0521b7bff9565f54e385fc6c37e187d82f4ff0862a3c5e6f802,9f4b964c6450fb65a3830406ece629fd214fc24cb46c3baece1c8e2fc4644410,CURRENT_ACCEPTED,"Keep the current ReadingContentCard. It preserves source/license/XP policy pills, Korean start/record actions, accessibility labels, and the current content policy boundary.","git diff --no-index --stat .merged-from-salary-hijacking-main/conflicts/apps/mobile/src/features/level/components/ReadingContentCard.tsx apps/mobile/src/features/level/components/ReadingContentCard.tsx,corepack pnpm --filter @salary-hijacking/mobile run test -- src/features/level/__tests__/level.components.test.tsx --runInBand,corepack pnpm --filter @salary-hijacking/mobile run typecheck"
apps/mobile/src/features/level/components/XpRewardToast.tsx,mobile-source,true,true,false,c399aeb48fa8a900436b4fa4f0b2ff28d5ec86a8456088f694e12c337f1c3b80,0e633f2f606d1ea2297a22868dd20ae2b0b3853a8835348f4d6d627db5d4b88c,CURRENT_ACCEPTED,Keep the current XpRewardToast. It supersedes the archive copy with Korean reward-source labels and a visible duplicate-safe completion guard for one-time XP reflection.,"git diff --no-index --stat .merged-from-salary-hijacking-main/conflicts/apps/mobile/src/features/level/components/XpRewardToast.tsx apps/mobile/src/features/level/components/XpRewardToast.tsx,corepack pnpm --filter @salary-hijacking/mobile run test -- src/features/level/__tests__/level.components.test.tsx --runInBand,corepack pnpm --filter @salary-hijacking/mobile run typecheck"
apps/mobile/src/features/community/community.constants.ts,mobile-source,true,true,false,8dc6bca89589c9db2de4cc6c10505ff7bbba24aa9ebbfce874a7c0e13154730e,b3d3d052bb811732ab8f3074d798a28a4e5253601a1d757d59c161e6a9329b9e,CURRENT_ACCEPTED,"Keep the current community constants. They preserve the expanded board taxonomy, Korean board labels, tab order, report reasons, and policy limits used by the current API-backed community screens.","git diff --no-index --stat .merged-from-salary-hijacking-main/conflicts/apps/mobile/src/features/community/community.constants.ts apps/mobile/src/features/community/community.constants.ts,corepack pnpm --filter @salary-hijacking/mobile run test -- src/features/community/__tests__/community.components.test.tsx src/features/community/__tests__/community.feature-components.test.tsx src/features/community/__tests__/community.screen-wiring.test.ts src/features/community/__tests__/community-detail-routes.screen-wiring.test.ts src/features/community/__tests__/community.write-hook.test.tsx --runInBand,corepack pnpm --filter @salary-hijacking/mobile run typecheck"
apps/mobile/src/features/community/__tests__/community.components.test.tsx,mobile-source,true,true,false,5858799f1578680a80ff8c2d225ea0b05261b401e5e8197ce8d8ccda2113b736,07358408cde9e32eb2955b04fbe1eab3e57aa539bc6775d2a2e26e7676b5716e,CURRENT_ACCEPTED,"Keep the current component tests. They verify readable Korean write-form copy, contextual ad disclosure, moderation blocking, safe publish submission, and like cancellation behavior that are stronger than the archive copy.","git diff --no-index --stat .merged-from-salary-hijacking-main/conflicts/apps/mobile/src/features/community/__tests__/community.components.test.tsx apps/mobile/src/features/community/__tests__/community.components.test.tsx,corepack pnpm --filter @salary-hijacking/mobile run test -- src/features/community/__tests__/community.components.test.tsx src/features/community/__tests__/community.feature-components.test.tsx src/features/community/__tests__/community.screen-wiring.test.ts src/features/community/__tests__/community-detail-routes.screen-wiring.test.ts src/features/community/__tests__/community.write-hook.test.tsx --runInBand,corepack pnpm --filter @salary-hijacking/mobile run typecheck"
apps/mobile/src/features/community/__tests__/community.feature-components.test.tsx,mobile-source,true,true,false,d4f9914683f6a1dff7a71a911deb938d968aa57e741da40f4f85ead9420692be,2e87fb8e0e9298511ae0fe0e3d40a07b46676bd6e3542e76fe0ea629e028a5d4,CURRENT_ACCEPTED,"Keep the current feature-component tests. They cover board tabs, popular posts, accessible compose bottom sheet behavior, and ad disclosure/privacy boundaries for the current screen components.","git diff --no-index --stat .merged-from-salary-hijacking-main/conflicts/apps/mobile/src/features/community/__tests__/community.feature-components.test.tsx apps/mobile/src/features/community/__tests__/community.feature-components.test.tsx,corepack pnpm --filter @salary-hijacking/mobile run test -- src/features/community/__tests__/community.components.test.tsx src/features/community/__tests__/community.feature-components.test.tsx src/features/community/__tests__/community.screen-wiring.test.ts src/features/community/__tests__/community-detail-routes.screen-wiring.test.ts src/features/community/__tests__/community.write-hook.test.tsx --runInBand,corepack pnpm --filter @salary-hijacking/mobile run typecheck"
apps/mobile/src/features/community/__tests__/community.screen-wiring.test.ts,mobile-source,true,true,false,17dd8a3ba2cd022ba05ab1228ed33585bcad1e7627ac04c3c5bb8a9376ceea6e,b751830743685ccdeeeee168e19d1110e496a2523ada4f70dce59e2837e5400b,CURRENT_ACCEPTED,Keep the current community screen wiring test. It guards the tab route against the old clean-fintech fallback and verifies the current community feature entrypoint.,"git diff --no-index --stat .merged-from-salary-hijacking-main/conflicts/apps/mobile/src/features/community/__tests__/community.screen-wiring.test.ts apps/mobile/src/features/community/__tests__/community.screen-wiring.test.ts,corepack pnpm --filter @salary-hijacking/mobile run test -- src/features/community/__tests__/community.components.test.tsx src/features/community/__tests__/community.feature-components.test.tsx src/features/community/__tests__/community.screen-wiring.test.ts src/features/community/__tests__/community-detail-routes.screen-wiring.test.ts src/features/community/__tests__/community.write-hook.test.tsx --runInBand,corepack pnpm --filter @salary-hijacking/mobile run typecheck"
apps/mobile/src/features/community/components/CommunityTabBar.tsx,mobile-source,true,true,false,350235cf8d728429aacf9d796cbbf9dc7212ad43f910b98d834e0f5201c281c3,2b7f9aa9c1e69a940538790d721425f140d48fb929f580f33975882b3f0a35e6,CURRENT_ACCEPTED,"Keep the current CommunityTabBar. It preserves the board-tab radio semantics, selected-state accessibility, and current Korean board labels used by the PDF-aligned community tabs.","git diff --no-index --stat .merged-from-salary-hijacking-main/conflicts/apps/mobile/src/features/community/components/CommunityTabBar.tsx apps/mobile/src/features/community/components/CommunityTabBar.tsx,corepack pnpm --filter @salary-hijacking/mobile run test -- src/features/community/__tests__/community.components.test.tsx src/features/community/__tests__/community.feature-components.test.tsx src/features/community/__tests__/community.screen-wiring.test.ts src/features/community/__tests__/community-detail-routes.screen-wiring.test.ts src/features/community/__tests__/community.write-hook.test.tsx --runInBand,corepack pnpm --filter @salary-hijacking/mobile run typecheck"
apps/mobile/src/features/community/components/CommunityWriteForm.tsx,mobile-source,true,true,false,d324a3f26d74fa664428896902aaebbef5762b78355f23651c15eb8c697b4c6a,387be8bd6955ce9a94200af899e9880712f741925cc5797ee7f8a63e94323f02,CURRENT_ACCEPTED,"Keep the current CommunityWriteForm. It supports board selection, title/body/tags, anonymous publishing, moderation feedback, preview/submit actions, and privacy-safe Korean guidance.","git diff --no-index --stat .merged-from-salary-hijacking-main/conflicts/apps/mobile/src/features/community/components/CommunityWriteForm.tsx apps/mobile/src/features/community/components/CommunityWriteForm.tsx,corepack pnpm --filter @salary-hijacking/mobile run test -- src/features/community/__tests__/community.components.test.tsx src/features/community/__tests__/community.feature-components.test.tsx src/features/community/__tests__/community.screen-wiring.test.ts src/features/community/__tests__/community-detail-routes.screen-wiring.test.ts src/features/community/__tests__/community.write-hook.test.tsx --runInBand,corepack pnpm --filter @salary-hijacking/mobile run typecheck"
apps/mobile/src/features/community/components/ComposeBottomSheet.tsx,mobile-source,true,true,false,f30a92506a4afba6687335695ab38c1e8f12d5081160ffdae9f1157f53a1922d,0523684eb3df455cc49055b345ee4b1feb2d961f19ecc631c05be5f6b22b1f3f,CURRENT_ACCEPTED,Keep the current ComposeBottomSheet. It wraps the write form in an accessible modal-like compose surface with close/preview/submit wiring and the current privacy guard copy.,"git diff --no-index --stat .merged-from-salary-hijacking-main/conflicts/apps/mobile/src/features/community/components/ComposeBottomSheet.tsx apps/mobile/src/features/community/components/ComposeBottomSheet.tsx,corepack pnpm --filter @salary-hijacking/mobile run test -- src/features/community/__tests__/community.components.test.tsx src/features/community/__tests__/community.feature-components.test.tsx src/features/community/__tests__/community.screen-wiring.test.ts src/features/community/__tests__/community-detail-routes.screen-wiring.test.ts src/features/community/__tests__/community.write-hook.test.tsx --runInBand,corepack pnpm --filter @salary-hijacking/mobile run typecheck"
apps/mobile/src/features/community/components/PopularPostSection.tsx,mobile-source,true,true,false,7b149338cd5e36b9159e6b0a175f93c0a5f08ae08417171964fab43a20f3b0fb,ca8957e0ba3ccd6bf55e93f5d72628e3fe1fcdeb3a8491e55f338d445d186926,CURRENT_ACCEPTED,"Keep the current PopularPostSection. It preserves clickable popular post cards with board, anonymous author, preview, like/comment/bookmark counts, and a no-sensitive-amount display guard.","git diff --no-index --stat .merged-from-salary-hijacking-main/conflicts/apps/mobile/src/features/community/components/PopularPostSection.tsx apps/mobile/src/features/community/components/PopularPostSection.tsx,corepack pnpm --filter @salary-hijacking/mobile run test -- src/features/community/__tests__/community.components.test.tsx src/features/community/__tests__/community.feature-components.test.tsx src/features/community/__tests__/community.screen-wiring.test.ts src/features/community/__tests__/community-detail-routes.screen-wiring.test.ts src/features/community/__tests__/community.write-hook.test.tsx --runInBand,corepack pnpm --filter @salary-hijacking/mobile run typecheck"
apps/mobile/src/features/capture/CapturePreviewScreen.tsx,mobile-source,true,true,false,deedfadaeaefbd0a79609d3073d0b6ce5d296daa3fe04aefb4c08c4604b52ead,927a23b94454e20d0c196ba02d7a73aa3c3016bfcf1f1965176c3e0025d66294,CURRENT_ACCEPTED,Keep the current CapturePreviewScreen. It is a current superset for deterministic mobile visual evidence and includes the reference splash/login/salary/plan/notification/LV/community/profile capture surfaces used by release screenshot automation.,"git diff --no-index --stat .merged-from-salary-hijacking-main/conflicts/apps/mobile/src/features/capture/CapturePreviewScreen.tsx apps/mobile/src/features/capture/CapturePreviewScreen.tsx,corepack pnpm --filter @salary-hijacking/mobile run test -- src/shared/api/__tests__/app-screen-contract.test.ts --runInBand,corepack pnpm --filter @salary-hijacking/mobile run export:web"
apps/mobile/src/features/auth/__tests__/login.components.test.tsx,mobile-source,true,true,false,ba3c41f0cf335798d8c9f20e8b8f3796e0d88b62a6b79b4da3b17c0a15bb0c28,495a8628e34ad6c83aa42486e55a632e8de4665595ef39ab95c6f7d499178602,CURRENT_ACCEPTED,"Keep the current login component test. It supersedes the archive copy by asserting the Korean reference brand lockup, Eureka World image mark, icon-based Naver/Kakao/Google social login actions, Facebook visual-only state, auto-login checkbox, and no raw token rendering.","git diff --no-index --stat .merged-from-salary-hijacking-main/conflicts/apps/mobile/src/features/auth/__tests__/login.components.test.tsx apps/mobile/src/features/auth/__tests__/login.components.test.tsx,corepack pnpm --filter @salary-hijacking/mobile run test -- src/features/auth/__tests__/login.components.test.tsx --runInBand,node auth UTF-8 integrity check for CJK/replacement characters"
apps/mobile/src/features/auth/__tests__/login.screen-wiring.test.ts,mobile-source,true,true,false,b15aa5899cfec6c3ebbe5bf5839258d5ed7695feeb7b4319a8de2bdc912b5ed3,7e68dd0d0a2c6c3247771be38d333ecc35fffff63b83ace0744a68831e5641ee,CURRENT_ACCEPTED,"Keep the current login screen wiring test. It guards against the older Clean Fintech fallback and requires AuthVisualFrame, keyboard avoidance, safe-area padding, reference brand components, and signup navigation.","git diff --no-index --stat .merged-from-salary-hijacking-main/conflicts/apps/mobile/src/features/auth/__tests__/login.screen-wiring.test.ts apps/mobile/src/features/auth/__tests__/login.screen-wiring.test.ts,corepack pnpm --filter @salary-hijacking/mobile run test -- src/features/auth/__tests__/login.screen-wiring.test.ts --runInBand,corepack pnpm --filter @salary-hijacking/mobile run typecheck"
apps/mobile/src/features/auth/__tests__/password-recovery.components.test.tsx,mobile-source,true,true,false,2ebfe7a551d17ac28d1fa05e5d8d23b5fadc2a46a251cb392f60ef7ff80d4535,d43912c9c1b5a3cdb08717e4a98e774afb376360385f4b4151f7fa52e4b7ef83,CURRENT_ACCEPTED,"Keep the current password recovery component test. It verifies Korean recovery copy, server recovery action submission, reset token handling, and no raw credential or token text rendering.","git diff --no-index --stat .merged-from-salary-hijacking-main/conflicts/apps/mobile/src/features/auth/__tests__/password-recovery.components.test.tsx apps/mobile/src/features/auth/__tests__/password-recovery.components.test.tsx,corepack pnpm --filter @salary-hijacking/mobile run test -- src/features/auth/__tests__/password-recovery.components.test.tsx --runInBand,node auth UTF-8 integrity check for CJK/replacement characters"
apps/mobile/src/features/auth/__tests__/signup.components.test.tsx,mobile-source,true,true,false,3170190e4abcdecf33758c1b0539ed6e7efe3528d45566ad34bc5cf384f42564,7b3367c4319b9156e4bc1cda29b033237a5dea7bd80be3951921bb0667db7640,CURRENT_ACCEPTED,"Keep the current signup component test. It supersedes the archive copy by asserting the Korean reference brand system, signup title, nickname/password submission, required consent flags, and contextual marketing opt-in default.","git diff --no-index --stat .merged-from-salary-hijacking-main/conflicts/apps/mobile/src/features/auth/__tests__/signup.components.test.tsx apps/mobile/src/features/auth/__tests__/signup.components.test.tsx,corepack pnpm --filter @salary-hijacking/mobile run test -- src/features/auth/__tests__/signup.components.test.tsx --runInBand,node auth UTF-8 integrity check for CJK/replacement characters"
apps/mobile/src/features/auth/__tests__/signup.screen-wiring.test.ts,mobile-source,true,true,false,1be6d4a2b695e8aced2ea2ae7558cea50de095d3ee2acd8e0716b6a885c301d8,10058b00f7f7de8db116d6c64fc79b29cc0b506f2b3b38b33eb6a8bc68fa8a56,CURRENT_ACCEPTED,Keep the current signup screen wiring test. It requires the actual auth signup components and prevents fallback-only signup wiring from returning.,"git diff --no-index --stat .merged-from-salary-hijacking-main/conflicts/apps/mobile/src/features/auth/__tests__/signup.screen-wiring.test.ts apps/mobile/src/features/auth/__tests__/signup.screen-wiring.test.ts,corepack pnpm --filter @salary-hijacking/mobile run test -- src/features/auth/__tests__/signup.screen-wiring.test.ts --runInBand,corepack pnpm --filter @salary-hijacking/mobile run typecheck"
apps/mobile/src/features/auth/components/ForgotPasswordForm.tsx,mobile-source,true,true,false,75212b5a21001d93aaa07cf7de021790b879085777aeb84fed73bad956a058ab,2af1d1b0c74765b37c13773ac058f8352d8d04939942c4d7fa920b7b85732d5c,CURRENT_ACCEPTED,Keep the current ForgotPasswordForm. It preserves server recovery submission while using the current Korean AuthVisualFrame styling and password recovery component contract covered by the focused recovery tests.,"git diff --no-index --stat .merged-from-salary-hijacking-main/conflicts/apps/mobile/src/features/auth/components/ForgotPasswordForm.tsx apps/mobile/src/features/auth/components/ForgotPasswordForm.tsx,corepack pnpm --filter @salary-hijacking/mobile run test -- src/features/auth/__tests__/password-recovery.components.test.tsx --runInBand,node auth UTF-8 integrity check for CJK/replacement characters"
apps/mobile/src/features/auth/components/index.ts,mobile-source,true,true,false,5430a0f78e10bf419f27a6ba0a586ae7687f1071cec46f23c468ce372876f0d7,3fc64bc4b795fda812bf2f541be8ddb0210cdb883552f344f99285fda8902b52,CURRENT_ACCEPTED,"Keep the current auth component barrel. It preserves the archive exports and additionally exports AuthVisualFrame, AuthBrandLogo, EurekaWorldMark, auth visual colors, and clampValue used by the current reference splash/login/signup routes.","git diff --no-index --stat .merged-from-salary-hijacking-main/conflicts/apps/mobile/src/features/auth/components/index.ts apps/mobile/src/features/auth/components/index.ts,corepack pnpm --filter @salary-hijacking/mobile run test -- src/features/auth/__tests__/login.screen-wiring.test.ts --runInBand,corepack pnpm --filter @salary-hijacking/mobile run test -- src/features/auth/__tests__/signup.screen-wiring.test.ts --runInBand"
apps/mobile/src/features/auth/components/LoginCredentialForm.tsx,mobile-source,true,true,false,d5b47b366b9438a0e100692d7853c503d10b31c1923d88c10a35dc02ae6d898c,8d3df5e884cdb1cda9e3b27450c6cf9b38b5c4238a3f6ef8baa063db7d894db1,CURRENT_ACCEPTED,"Keep the current LoginCredentialForm. It supersedes the archive card form by matching the provided login reference with compact id/password fields, hidden password entry, trimmed id submission, default remember-me submission, and no rendered raw credentials.","git diff --no-index --stat .merged-from-salary-hijacking-main/conflicts/apps/mobile/src/features/auth/components/LoginCredentialForm.tsx apps/mobile/src/features/auth/components/LoginCredentialForm.tsx,corepack pnpm --filter @salary-hijacking/mobile run test -- src/features/auth/__tests__/login.components.test.tsx --runInBand,node auth UTF-8 integrity check for CJK/replacement characters"
apps/mobile/src/features/auth/components/LoginHero.tsx,mobile-source,true,true,false,6b7048a418707cd4140043fe722bc855c94a6dda52141de5f354b8deb3b4a640,c1ad7af79af8b4a5d785df0c6b19cb4ffde31968da8695ed942be93efd8a6c57,CURRENT_ACCEPTED,Keep the current LoginHero. It supersedes the archive SurfaceCard text block with the compact official Salary Hijacking brand lockup required by the user-provided login design.,"git diff --no-index --stat .merged-from-salary-hijacking-main/conflicts/apps/mobile/src/features/auth/components/LoginHero.tsx apps/mobile/src/features/auth/components/LoginHero.tsx,corepack pnpm --filter @salary-hijacking/mobile run test -- src/features/auth/__tests__/login.components.test.tsx --runInBand,corepack pnpm --filter @salary-hijacking/mobile run test -- src/features/auth/__tests__/login.screen-wiring.test.ts --runInBand"
apps/mobile/src/features/auth/components/PasswordRecoveryHero.tsx,mobile-source,true,true,false,ff861089bcb366208dd41ba05df9e5541be43ef35bfc18951c6fefcc0c42d923,99dcedd3843b75d4a23d261b92cc1fb800ab0232841e5384dd6de90a1d1f6f2d,CURRENT_ACCEPTED,Keep the current PasswordRecoveryHero. It preserves Korean recovery instructions and privacy-safe copy used by the current password recovery tests instead of the older generic card treatment.,"git diff --no-index --stat .merged-from-salary-hijacking-main/conflicts/apps/mobile/src/features/auth/components/PasswordRecoveryHero.tsx apps/mobile/src/features/auth/components/PasswordRecoveryHero.tsx,corepack pnpm --filter @salary-hijacking/mobile run test -- src/features/auth/__tests__/password-recovery.components.test.tsx --runInBand,node auth UTF-8 integrity check for CJK/replacement characters"
apps/mobile/src/features/auth/components/ResetPasswordForm.tsx,mobile-source,true,true,false,562fbbc619c3502f833d889949acc68a598f1b648b46778137d1f790a9cf7c74,f67bd489884e1060892d7297124a207b97150ea6c74aee8bf377e3d7b6b5868f,CURRENT_ACCEPTED,"Keep the current ResetPasswordForm. It preserves reset token and new-password submission without rendering raw token text, matching the current password recovery security test contract.","git diff --no-index --stat .merged-from-salary-hijacking-main/conflicts/apps/mobile/src/features/auth/components/ResetPasswordForm.tsx apps/mobile/src/features/auth/components/ResetPasswordForm.tsx,corepack pnpm --filter @salary-hijacking/mobile run test -- src/features/auth/__tests__/password-recovery.components.test.tsx --runInBand,node auth UTF-8 integrity check for CJK/replacement characters"
apps/mobile/src/features/auth/components/SignupAgreementCard.tsx,mobile-source,true,true,false,3638ec3650263f57e52ca7b57bf9e326f47a7b9695880a5ffe3f2b8cdcac9995,f9615a1fdb5207d1438b07e7c2edf75022ff1b4b683f1c2bbc6e33999b460e0f,CURRENT_ACCEPTED,Keep the current SignupAgreementCard. It supersedes the archive SurfaceCard with the compact reference-layout agreement row while preserving required terms/privacy state and marketing opt-in separation.,"git diff --no-index --stat .merged-from-salary-hijacking-main/conflicts/apps/mobile/src/features/auth/components/SignupAgreementCard.tsx apps/mobile/src/features/auth/components/SignupAgreementCard.tsx,corepack pnpm --filter @salary-hijacking/mobile run test -- src/features/auth/__tests__/signup.components.test.tsx --runInBand,node auth UTF-8 integrity check for CJK/replacement characters"
apps/mobile/src/features/auth/components/SignupForm.tsx,mobile-source,true,true,false,3fc501c3bd5140fa749a3b6e702e34c3db468e462076d0722c604b576da1fc29,4f201222e0f71fb492553a6c6e7b4ecec4500b14d08fddd503ef266b29f63ec9,CURRENT_ACCEPTED,"Keep the current SignupForm. It supersedes the archive card form with reference-style id/nickname/password fields, required consent flags, marketing false by default, and password-safe submission behavior.","git diff --no-index --stat .merged-from-salary-hijacking-main/conflicts/apps/mobile/src/features/auth/components/SignupForm.tsx apps/mobile/src/features/auth/components/SignupForm.tsx,corepack pnpm --filter @salary-hijacking/mobile run test -- src/features/auth/__tests__/signup.components.test.tsx --runInBand,node auth UTF-8 integrity check for CJK/replacement characters"
apps/mobile/src/features/auth/components/SignupHero.tsx,mobile-source,true,true,false,3d4fd2910e8b6747a2b90e682299314d63ed0b3948c61e65d018cee778a24e7b,43afa5a24f7461f2defa0cf4270eebbdf57997d6f8f1cab1573df5526e9eb8c2,CURRENT_ACCEPTED,Keep the current SignupHero. It supersedes the archive generic card with the compact Salary Hijacking brand lockup plus Korean signup title used by the reference signup screen.,"git diff --no-index --stat .merged-from-salary-hijacking-main/conflicts/apps/mobile/src/features/auth/components/SignupHero.tsx apps/mobile/src/features/auth/components/SignupHero.tsx,corepack pnpm --filter @salary-hijacking/mobile run test -- src/features/auth/__tests__/signup.components.test.tsx --runInBand,corepack pnpm --filter @salary-hijacking/mobile run test -- src/features/auth/__tests__/signup.screen-wiring.test.ts --runInBand"
apps/mobile/src/features/auth/components/SocialLoginButtons.tsx,mobile-source,true,true,false,11feaf170daa161145711bb865ead865a0396cd30f6ccad3e2a51e8bb283842c,7383405e35113d3fdb2236f3e4adcbbebc855e2d057fccbdb59d3cf97bf05ca0,CURRENT_ACCEPTED,"Keep the current SocialLoginButtons. It supersedes the archive text-button list with icon-based Naver, Kakao, Facebook visual-only, and Google buttons, plus signup and auto-login controls that match the provided login reference while preserving provider routing safety.","git diff --no-index --stat .merged-from-salary-hijacking-main/conflicts/apps/mobile/src/features/auth/components/SocialLoginButtons.tsx apps/mobile/src/features/auth/components/SocialLoginButtons.tsx,corepack pnpm --filter @salary-hijacking/mobile run test -- src/features/auth/__tests__/login.components.test.tsx --runInBand,node auth UTF-8 integrity check for CJK/replacement characters"
apps/mobile/src/features/auth/components/SplashLaunchScreen.tsx,mobile-source,true,true,false,c13eb0ebb7f4eaea37fad74e97da61b3deee2fc5a8288589ada1b8d718a320e1,eb368f5f778b9efd22470fbd8b849a66340ebfaccf1dc0f295d3986e6170060d,CURRENT_ACCEPTED,"Keep the current SplashLaunchScreen. It supersedes the archive diagnostic card with the user-requested white launch screen, official Salary Hijacking brand lockup, Eureka World mark, responsive spacing, and no visible developer guard markers.","git diff --no-index --stat .merged-from-salary-hijacking-main/conflicts/apps/mobile/src/features/auth/components/SplashLaunchScreen.tsx apps/mobile/src/features/auth/components/SplashLaunchScreen.tsx,corepack pnpm --filter @salary-hijacking/mobile run test -- src/shared/api/__tests__/app-screen-contract.test.ts --runInBand,node auth UTF-8 integrity check for CJK/replacement characters"
apps/mobile/src/config/__tests__/mobile-e2e-contract.test.ts,mobile-source,true,true,false,3fe18318be0c9eac4c2828729015eca72e8cc56a988757ae3ca011198bd45115,505851d8cadbf30f7a0540cb0b30558d4dfccc1c64be02ccc6acb8ebab203346,CURRENT_ACCEPTED,"Keep the current mobile E2E contract test. It extends the archive copy with regressions for Expo PackageList patching, direct custom-scheme Router paths, and the Android post-splash window background so cold-start and native splash regressions are caught before APK QA.","git diff --no-index --stat .merged-from-salary-hijacking-main/conflicts/apps/mobile/src/config/__tests__/mobile-e2e-contract.test.ts apps/mobile/src/config/__tests__/mobile-e2e-contract.test.ts,corepack pnpm --filter @salary-hijacking/mobile run test -- src/config/__tests__/mobile-e2e-contract.test.ts --runInBand,node --test scripts/release/classify-merge-conflict-archive.test.mjs scripts/release/check-release-readiness.test.mjs"
apps/mobile/scripts/expo-local-android-debug-build.mjs,mobile-source,true,true,false,601e8ec34a345999d6c503f05ffcc6513873bb359997256e8554beef0398a7df,6feb3ee6260d1bd5e394d9a315f69b643ca7d2ca5f45c540dac485b7f6b16b3a,CURRENT_ACCEPTED,"Keep the current Expo local Android debug build script. It supersedes the archive copy with bundled `.tools` JDK/Android SDK discovery, stale Windows `subst` alias cleanup for `X/Y/Z`, ABI normalization, Expo PackageList patch hardening, Windows CMake prefab repair, and Reanimated CMake regeneration helpers used by the latest preview APK workflow.","git diff --no-index --stat .merged-from-salary-hijacking-main/conflicts/apps/mobile/scripts/expo-local-android-debug-build.mjs apps/mobile/scripts/expo-local-android-debug-build.mjs,node --test apps/mobile/scripts/expo-local-android-debug-build.test.mjs,node --test scripts/release/classify-merge-conflict-archive.test.mjs scripts/release/check-release-readiness.test.mjs"
apps/mobile/scripts/expo-local-android-debug-build.test.mjs,mobile-source,true,true,false,5a6195450b2a5c05226a630516a8d58b7c228eb23296c73d9a76521f0758b2ed,4255c787f1a70f4676d67b4a6e3e514d4312b898dabea655becacdb4915bbcf2,CURRENT_ACCEPTED,"Keep the current Expo local Android debug build tests. They verify `.tools` discovery, stale `subst` cleanup, Windows CMake prefab repair, Reanimated CMake regeneration, ABI-filtered debug output, and no-secret local APK evidence behavior that are absent from the archive copy.","git diff --no-index --stat .merged-from-salary-hijacking-main/conflicts/apps/mobile/scripts/expo-local-android-debug-build.test.mjs apps/mobile/scripts/expo-local-android-debug-build.test.mjs,node --test apps/mobile/scripts/expo-local-android-debug-build.test.mjs,node --test scripts/release/classify-merge-conflict-archive.test.mjs scripts/release/check-release-readiness.test.mjs"
apps/mobile/assets/adaptive-icon.png,generated-or-binary-evidence,true,true,false,c06da3e5cf31fa7bbf45b91bd320a882907b762db563827d6573b7853829b4fe,ee6cd2afe4d8633b1f09e8baeb0e8d40a2b991cc75ddc6265ab3bb44eeb307ef,SUPERSEDED_BY_CURRENT_EVIDENCE,Do not port runtime code; keep current tracked evidence as authoritative.,
apps/mobile/assets/favicon.png,generated-or-binary-evidence,true,true,false,610ff26453386d3c4994d55377fe00be55d38225266514264e89f5aec5c126af,e5af4ae6dc9a8a03476d0c5f8a38f70840c8584cd4ea0b0c0c2e834d959d5b75,SUPERSEDED_BY_CURRENT_EVIDENCE,Do not port runtime code; keep current tracked evidence as authoritative.,
apps/mobile/assets/icon.png,generated-or-binary-evidence,true,true,false,c06da3e5cf31fa7bbf45b91bd320a882907b762db563827d6573b7853829b4fe,81942c431ced2cc524c193743d98041074c8104a1ac7a46d53dc48681bbf5d43,SUPERSEDED_BY_CURRENT_EVIDENCE,Do not port runtime code; keep current tracked evidence as authoritative.,
apps/mobile/assets/notification-icon.png,generated-or-binary-evidence,true,true,false,37af84435150cf0338724105a32db89a215aa194c38cda88a3351c5f36705d2e,acc298ddaaea3f9854edb6eb0c697b8d2c68301c2a2bca34eb76374808aa32b8,SUPERSEDED_BY_CURRENT_EVIDENCE,Do not port runtime code; keep current tracked evidence as authoritative.,
apps/mobile/assets/splash.png,generated-or-binary-evidence,true,true,false,50c67927a60206e45555ef0b072df514c5bdc2deaeaf1a94da9e5485e2a5bdb7,957903b265cad2474b419bd8ad9956c323ce3718dfbcb26ca17d257d863cdb33,SUPERSEDED_BY_CURRENT_EVIDENCE,Do not port runtime code; keep current tracked evidence as authoritative.,
apps/mobile/app/index.tsx,mobile-source,true,true,false,999eef20cf41d85d94a5902aae04f5ffb79b9c31fc173e1c03323e4b606f529b,3ccf7ef7f2a1c2c45add1da15c5882a7ba0ac473e77fc7dd33b099230b366c86,CURRENT_ACCEPTED,"Keep the current mobile root launch route. It supersedes the archive copy by adding cold-start deep link preservation, typed launch-target resolution, screenshot capture handling, native splash hide protection, preview fallback routing, and safe login fallback without exposing raw session, token, personal, or financial data.","git diff --no-index --stat .merged-from-salary-hijacking-main/conflicts/apps/mobile/app/index.tsx apps/mobile/app/index.tsx,corepack pnpm --filter @salary-hijacking/mobile run test -- src/shared/api/__tests__/app-screen-contract.test.ts --runInBand,corepack pnpm --filter @salary-hijacking/mobile run typecheck"
apps/mobile/app/_layout.tsx,mobile-source,true,true,false,ed859b24ad26b0e9cbd176c13979a9e4fe75e62c3a9f6bf154f57730f7d94afe,18b7ed26d6bdfe19e86c4759b5f44acf64c51e1cd12f1c0b3ed90f3db9f8251f,CURRENT_ACCEPTED,"Keep the current root layout. It supersedes the archive copy with guarded native splash hiding, auth/bootstrap fallback handling, deep-link preservation, capture-route handling, and a safe retry UI instead of a blank app on render failure.","git diff --no-index --stat .merged-from-salary-hijacking-main/conflicts/apps/mobile/app/_layout.tsx apps/mobile/app/_layout.tsx,corepack pnpm --filter @salary-hijacking/mobile run test -- src/shared/api/__tests__/app-screen-contract.test.ts --runInBand,corepack pnpm --filter @salary-hijacking/mobile run typecheck"
apps/mobile/app/notifications/index.tsx,mobile-source,true,true,false,5f4b0f82c148befe7886d0d59b558f4125c7c6816f165d7a9ea2911de9026be8,42b8527421254c231e4410268d1ea88046777e0aa9b10e415324136801b08001,CURRENT_ACCEPTED,"Keep the current notifications route. It supersedes the archive copy by delegating to the independent `NotificationReferenceScreen`, wiring back/settings actions through Expo Router, and opening notification deep links with `router.push(href as never)` instead of keeping a static in-route list.","git diff --no-index --stat .merged-from-salary-hijacking-main/conflicts/apps/mobile/app/notifications/index.tsx apps/mobile/app/notifications/index.tsx,corepack pnpm --filter @salary-hijacking/mobile run test -- src/features/notifications/__tests__/notifications.screen-wiring.test.ts --runInBand,corepack pnpm --filter @salary-hijacking/mobile run test -- src/features/notifications/__tests__/notifications.launch-readiness.test.tsx --runInBand"
apps/mobile/app/community/write.tsx,mobile-source,true,true,false,82e10490d7e27d20c7f90fef0917b3b921560fc6caecced968a240157cb1a09b,1c99e917c4d30233a52ef1680f1952e9b67b3db775c438e5c4772fd7de840b66,CURRENT_ACCEPTED,"Keep the current community write route. It uses AppShell/AppHeader, CommunityWriteForm, useCommunityWrite, SecureStore-backed draft persistence, authenticated mobile API publishing, idempotency guard, and raw financial data guard.","git diff --no-index --stat .merged-from-salary-hijacking-main/conflicts/apps/mobile/app/community/write.tsx apps/mobile/app/community/write.tsx,corepack pnpm --filter @salary-hijacking/mobile run test -- src/features/community/__tests__/community.components.test.tsx src/features/community/__tests__/community.feature-components.test.tsx src/features/community/__tests__/community.screen-wiring.test.ts src/features/community/__tests__/community-detail-routes.screen-wiring.test.ts src/features/community/__tests__/community.write-hook.test.tsx --runInBand,corepack pnpm --filter @salary-hijacking/mobile run typecheck"
apps/mobile/app/community/[postId].tsx,mobile-source,true,true,false,afb7b8b0b36c1900c386df1938c8dfb6e71face3b7798559fa94a57fffd0f11d,c6881e6d73c09bd88cc4075f6ad49a6ef90b6d1fc53b6eb326be31f8bd8d36e2,CURRENT_ACCEPTED,"Keep the current community detail route. It uses the authenticated mobile community service, no route-local sample data, post/comment components, contextual ad disclosure, report-policy guard, and API-backed likes/comments/reports.","git diff --no-index --stat .merged-from-salary-hijacking-main/conflicts/apps/mobile/app/community/[postId].tsx apps/mobile/app/community/[postId].tsx,corepack pnpm --filter @salary-hijacking/mobile run test -- src/features/community/__tests__/community.components.test.tsx src/features/community/__tests__/community.feature-components.test.tsx src/features/community/__tests__/community.screen-wiring.test.ts src/features/community/__tests__/community-detail-routes.screen-wiring.test.ts src/features/community/__tests__/community.write-hook.test.tsx --runInBand,corepack pnpm --filter @salary-hijacking/mobile run typecheck"
apps/mobile/app/capture/[screen].tsx,mobile-source,true,true,false,4d5fc836ee001f22c152b3a525bbe8b0e27520858c57f0a3f4495aa5d5348f72,64ef48f3e8b7264e72fe0d4f1d174b9a080460a9e4051a315e2bd70706a4eb63,CURRENT_ACCEPTED,Keep the current capture route. It preserves the typed 17-screen capture registry and rejects unsupported capture params so screenshot evidence routes remain deterministic.,"git diff --no-index --stat .merged-from-salary-hijacking-main/conflicts/apps/mobile/app/capture/[screen].tsx apps/mobile/app/capture/[screen].tsx,corepack pnpm --filter @salary-hijacking/mobile run test -- src/shared/api/__tests__/app-screen-contract.test.ts --runInBand,corepack pnpm --filter @salary-hijacking/mobile run export:web"
apps/mobile/app/(tabs)/_layout.tsx,mobile-source,true,true,false,7c10783cdc72aa7c83bd4be8f076af49ce5f016cb40b9ad627c5e8a641c8d86e,7a5ff7fa5bd2187e64669d31056962e575e0f7cb34ad1f903f8a1bbf23a293d5,CURRENT_ACCEPTED,"Keep the current tabs layout. It preserves the verified Expo Router child route names, safe-area-aware tab height, static bottom-tab image assets, Korean visible labels, and privacy-boundary accessibility labels; a new contract guard keeps Korean tab copy from regressing.","git diff --no-index --stat .merged-from-salary-hijacking-main/conflicts/apps/mobile/app/(tabs)/_layout.tsx apps/mobile/app/(tabs)/_layout.tsx,corepack pnpm --filter @salary-hijacking/mobile run test -- src/shared/api/__tests__/app-screen-contract.test.ts --runInBand --testNamePattern ""primary tab visible copy"",corepack pnpm --filter @salary-hijacking/mobile run export:web"
apps/mobile/app/(tabs)/salary/index.tsx,mobile-source,true,true,false,23ebb3711f4b82e846c6352c9241a3542d6b88f1b3b0ce503fb1b226a2fd96e6,3c1a633e4c69a23445b0e003511a023d7bb6434e122f7a88a304ac073f50508e,CURRENT_ACCEPTED,Keep the current Salary tab route. It routes to SalaryHomeReferenceScreen with the PDF-derived salary home contract and keeps the salary summary API boundary instead of restoring the older route-local fallback implementation.,"git diff --no-index --stat .merged-from-salary-hijacking-main/conflicts/apps/mobile/app/(tabs)/salary/index.tsx apps/mobile/app/(tabs)/salary/index.tsx,corepack pnpm --filter @salary-hijacking/mobile run test -- src/features/salary/__tests__/salary.screen-wiring.test.ts --runInBand,corepack pnpm --filter @salary-hijacking/mobile run export:web"
apps/mobile/app/(tabs)/profile/index.tsx,mobile-source,true,true,false,74be2e4f3ac2f4d76d8c0d6bd14c530fed15a19a49d380ad758afedb00257f32,bef9da6aba432a3b3558302a9e9e70828f714b1cb4087cdde4c10a8811f444ff,CURRENT_ACCEPTED,"Keep the current MY tab route. It preserves ProfileHeader/ProfileStatGrid/ProfileMenuCard wiring, profile privacy API boundaries, logout/withdrawal request routing, and current Korean profile surface contracts.","git diff --no-index --stat .merged-from-salary-hijacking-main/conflicts/apps/mobile/app/(tabs)/profile/index.tsx apps/mobile/app/(tabs)/profile/index.tsx,corepack pnpm --filter @salary-hijacking/mobile run test -- src/shared/api/__tests__/app-screen-contract.test.ts --runInBand,corepack pnpm --filter @salary-hijacking/mobile run typecheck"
apps/mobile/app/(tabs)/plan/index.tsx,mobile-source,true,true,false,97f5000222f57123a62358df7897010333dc0541d70c603756ecff3ecd63110f,3dc607afaa6d9514e8aeacf83931775a3903a9d4c57e3578857f8ad40c44a591,CURRENT_ACCEPTED,Keep the current Plan tab route. It delegates to PlanReferenceScreen and preserves the fixed-expense/savings API boundaries and current reference UI contract rather than the archive route-local table implementation.,"git diff --no-index --stat .merged-from-salary-hijacking-main/conflicts/apps/mobile/app/(tabs)/plan/index.tsx apps/mobile/app/(tabs)/plan/index.tsx,corepack pnpm --filter @salary-hijacking/mobile run test -- src/features/plan/__tests__/plan.screen-wiring.test.ts --runInBand,corepack pnpm --filter @salary-hijacking/mobile run export:web"
apps/mobile/app/(tabs)/level/index.tsx,mobile-source,true,true,false,e6e9cc248695ee2704e7d1315e90d3966ab637cc7347f765a994bece92d5b6bd,065a76e05c6cfa14f594ef80ff85b6b6ab8bcd3e3067953f99b94665c881e907,CURRENT_ACCEPTED,"Keep the current LV UP tab route. It renders the current feature components and growth dashboard normalization boundary, preserving action navigation and XP feedback wiring that are absent or older in the archive copy.","git diff --no-index --stat .merged-from-salary-hijacking-main/conflicts/apps/mobile/app/(tabs)/level/index.tsx apps/mobile/app/(tabs)/level/index.tsx,corepack pnpm --filter @salary-hijacking/mobile run test -- src/features/level/__tests__/level.screen-wiring.test.ts --runInBand,corepack pnpm --filter @salary-hijacking/mobile run typecheck"
apps/mobile/app/(tabs)/community/index.tsx,mobile-source,true,true,false,690cf62bbd1aa65e216e8a33d83db7ef7d4dad7290492d80aef2ebdeadf64e7c,3078f4e14bf96cc0bf4820f1b6b226fd96c4f7fa0b73796512c3733f685cd58b,CURRENT_ACCEPTED,"Keep the current Community tab route. It preserves the current board tab state, compose bottom sheet, popular post section, validation flow, and write-route navigation instead of reverting to the older archive feed wiring.","git diff --no-index --stat .merged-from-salary-hijacking-main/conflicts/apps/mobile/app/(tabs)/community/index.tsx apps/mobile/app/(tabs)/community/index.tsx,corepack pnpm --filter @salary-hijacking/mobile run test -- src/features/community/__tests__/community.screen-wiring.test.ts --runInBand,corepack pnpm --filter @salary-hijacking/mobile run typecheck"
apps/mobile/app/(auth)/login.tsx,mobile-source,true,true,false,ba18499782f3245899e9cdede84ff3004db6070e10167e8bc49f97d48634e3ab,e8a3191d294c3bd0146603d9de1b36413e29423799a6c13cab7f0d2282077f47,CURRENT_ACCEPTED,"Keep the current login route. It supersedes the archive AppShell-only route with the PDF-derived AuthVisualFrame layout, responsive vertical spacing, reference Salary Hijacking brand lockup, social login icons, signup navigation, Eureka World mark, and keyboard/safe-area aware screen wiring.","git diff --no-index --stat .merged-from-salary-hijacking-main/conflicts/apps/mobile/app/(auth)/login.tsx apps/mobile/app/(auth)/login.tsx,corepack pnpm --filter @salary-hijacking/mobile run test -- src/features/auth/__tests__/login.components.test.tsx --runInBand,corepack pnpm --filter @salary-hijacking/mobile run test -- src/features/auth/__tests__/login.screen-wiring.test.ts --runInBand"
apps/mobile/app/(auth)/signup.tsx,mobile-source,true,true,false,314f70986d18e62d6c0864ce049683508411aa0db0d8358aaf43a997e6cd45df,5dfce2d3f4febaa44d325adfab22ea8b755a6a1493f2b36013805eafd1bb3720,CURRENT_ACCEPTED,"Keep the current signup route. It supersedes the archive AppShell-only route with the same responsive AuthVisualFrame reference layout, Salary Hijacking brand system, signup form, agreement status, and Eureka World mark required for the first-run auth flow.","git diff --no-index --stat .merged-from-salary-hijacking-main/conflicts/apps/mobile/app/(auth)/signup.tsx apps/mobile/app/(auth)/signup.tsx,corepack pnpm --filter @salary-hijacking/mobile run test -- src/features/auth/__tests__/signup.components.test.tsx --runInBand,corepack pnpm --filter @salary-hijacking/mobile run test -- src/features/auth/__tests__/signup.screen-wiring.test.ts --runInBand"
apps/admin/tests/unit/growth-content-page.test.ts,admin-source,true,true,false,cc6da13715ad53b026f9130df499106bdd77a2140eccd6f031db06d48166a9b6,be850020cdc43091fc4b2c783d287a43d54c3e364a860c61a3a88630f2c4f86b,CURRENT_ACCEPTED,Keep the current Admin growth-content page test. It is stricter than the archive test and prevents the older content type/status/difficulty taxonomy from returning.,"git diff --no-index --stat .merged-from-salary-hijacking-main/conflicts/apps/admin/tests/unit/growth-content-page.test.ts apps/admin/tests/unit/growth-content-page.test.ts,corepack pnpm --filter @salary-hijacking/admin test -- growth-content-page.test.ts,node --test scripts/release/classify-merge-conflict-archive.test.mjs scripts/release/check-release-readiness.test.mjs"
apps/admin/src/app/growth-content/page.tsx,admin-source,true,true,false,455560b3f84af7a685e34ca604adecc19b052c248e88ca6f49d72a663c8ee17c,8158b0c49c2cc8789ea9e31d1429ffd755e32fdf979334dc97b724db964bbea2,CURRENT_ACCEPTED,"Keep the current Admin LV UP content page. It supersedes the archive copy by using the current `READING/NEWS/ENGLISH/HEALTH`, `DRAFT/REVIEW/PUBLISHED/ARCHIVED`, and `EASY/NORMAL/HARD/EXTREME` taxonomy instead of the older `EXERCISE`, `IN_REVIEW`, `APPROVED`, and beginner/intermediate/advanced labels.","git diff --no-index --stat .merged-from-salary-hijacking-main/conflicts/apps/admin/src/app/growth-content/page.tsx apps/admin/src/app/growth-content/page.tsx,corepack pnpm --filter @salary-hijacking/admin test -- growth-content-page.test.ts,node --test scripts/release/classify-merge-conflict-archive.test.mjs scripts/release/check-release-readiness.test.mjs"
